Day,Month,Year,"VLSFO Fuel Oil, IMO 2020 Grade, 0.5%",Marine Gas Oil,"Intermdiate Fuel Oil, 180cSt","Intermdiate Fuel Oil, 380cSt"
01/29/2019,January,2019,,636.5,429,400.5
01/30/2019,January,2019,,640.5,436,407.5
01/31/2019,January,2019,,642.5,439,410
02/01/2019,February,2019,,643.5,440,410
02/04/2019,February,2019,,648.5,438.5,414.5
02/05/2019,February,2019,,649.5,444,417.5
02/06/2019,February,2019,,648,443.5,417.5
02/07/2019,February,2019,,648,449.5,420.5
02/08/2019,February,2019,,647,444,420
02/11/2019,February,2019,,647,448,419
02/12/2019,February,2019,,645.5,444.5,420.5
02/13/2019,February,2019,,649,447.5,424
02/14/2019,February,2019,,653.5,452.5,429.5
02/15/2019,February,2019,,660.5,455,431.5
02/18/2019,February,2019,,665.5,466,437
02/19/2019,February,2019,,669,466,437
02/20/2019,February,2019,,669,465,437.5
02/21/2019,February,2019,,666.5,467,439
02/22/2019,February,2019,,669.5,461.5,434.5
02/25/2019,February,2019,,669.5,466,436
02/26/2019,February,2019,,669.5,462,433
02/27/2019,February,2019,,672.5,463.5,435
02/28/2019,February,2019,,671,464,435.5
03/01/2019,March,2019,,672.5,468.5,438.5
03/04/2019,March,2019,,673.5,469,440.5
03/05/2019,March,2019,,673.5,470.5,441
03/06/2019,March,2019,,668.5,470.5,441
03/07/2019,March,2019,,665.5,465.5,436
03/11/2019,March,2019,,666.5,468,438
03/12/2019,March,2019,,671,470,440.5
03/13/2019,March,2019,,671,470.5,441.5
03/14/2019,March,2019,,670.5,473,443.5
03/15/2019,March,2019,,672,471.5,442.5
03/18/2019,March,2019,,669.5,470,441.5
03/19/2019,March,2019,,668.5,470.5,440.5
03/20/2019,March,2019,,670,468.5,440
03/21/2019,March,2019,,670.5,467,438.5
03/22/2019,March,2019,,670.5,465.5,436
03/25/2019,March,2019,,666,460.5,432
03/26/2019,March,2019,,666,463,433.5
03/27/2019,March,2019,,666,465,435.5
03/28/2019,March,2019,,666.5,464.5,435
03/29/2019,March,2019,,668.5,466,437
04/01/2019,April,2019,,670.5,468,439.5
04/02/2019,April,2019,,672.5,469,440.5
04/03/2019,April,2019,,675,469.5,440
04/04/2019,April,2019,,676,470.5,442.5
04/05/2019,April,2019,,674,463.5,441
04/08/2019,April,2019,,675,467,444.5
04/09/2019,April,2019,,678.5,469,446.5
04/10/2019,April,2019,,684,468,444
04/11/2019,April,2019,,681,466,444
04/12/2019,April,2019,,682.5,466.5,445.5
04/15/2019,April,2019,,682.5,467,445.5
04/16/2019,April,2019,,685.5,467,442.5
04/17/2019,April,2019,,685,468,442
04/18/2019,April,2019,,685,465.5,442
04/19/2019,April,2019,,687.5,469,441.5
04/22/2019,April,2019,,686.5,470,446
04/23/2019,April,2019,,693,474,449
04/24/2019,April,2019,,692.5,474.5,450.5
04/25/2019,April,2019,,695.5,480,457
04/26/2019,April,2019,,683.5,485,455.5
04/29/2019,April,2019,,689,480.5,449.5
04/30/2019,April,2019,,687,481,451
05/01/2019,May,2019,,681,483,450
05/02/2019,May,2019,,685.5,480.5,447
05/03/2019,May,2019,,688,477.5,443
05/06/2019,May,2019,,688,473.5,438.5
05/07/2019,May,2019,,688,470,435.5
05/08/2019,May,2019,,688.5,465.5,433
05/09/2019,May,2019,,687.5,465.5,432.5
05/10/2019,May,2019,,688.5,466,434.5
05/13/2019,May,2019,,685.5,465.5,436.5
05/14/2019,May,2019,,686.5,460,434.5
05/15/2019,May,2019,,689,459,430
05/16/2019,May,2019,,688.5,459.5,432.5
05/17/2019,May,2019,,693.5,464.5,435.5
05/20/2019,May,2019,,698,468.5,439
05/21/2019,May,2019,,693.5,466.5,437
05/22/2019,May,2019,,690.5,465.5,434
05/23/2019,May,2019,,684,460.5,426
05/24/2019,May,2019,,674.5,451.5,421.5
05/27/2019,May,2019,,676,453.5,420
05/28/2019,May,2019,,677.5,453.5,419.5
05/29/2019,May,2019,,676,451,418
05/30/2019,May,2019,,670.5,449.5,416
05/31/2019,May,2019,,663.5,440.5,410.5
06/03/2019,June,2019,,653,436,402
06/04/2019,June,2019,,642.5,431.5,396
06/05/2019,June,2019,,641,428,395.5
06/06/2019,June,2019,,636.5,424,394.5
06/07/2019,June,2019,,637,427.5,399
06/10/2019,June,2019,,637,428.5,402
06/11/2019,June,2019,,637,430,399
06/12/2019,June,2019,,630,422.5,395.5
06/13/2019,June,2019,,629,421,390
06/14/2019,June,2019,,622.5,418.5,387.5
06/17/2019,June,2019,,623.5,416,386
06/18/2019,June,2019,,627.5,415,385.5
06/19/2019,June,2019,,628,420.5,388
06/20/2019,June,2019,,631,423.5,392.5
06/21/2019,June,2019,,637.5,431,400
06/24/2019,June,2019,,637.5,435.5,404
06/25/2019,June,2019,,642,437.5,408
06/26/2019,June,2019,,647,441.5,412.5
06/27/2019,June,2019,,651.5,446.5,417
06/28/2019,June,2019,,651.5,449,421
07/01/2019,July,2019,,651.5,450.5,422.5
07/02/2019,July,2019,,651.5,451.5,420
07/03/2019,July,2019,,649,450,419
07/04/2019,July,2019,,647.5,451,421.5
07/05/2019,July,2019,,644.5,452.5,427.5
07/08/2019,July,2019,,644.5,455,432
07/09/2019,July,2019,,647,461.5,434
07/10/2019,July,2019,,651,464.5,440
07/11/2019,July,2019,,658.5,480,457.5
07/12/2019,July,2019,,664.5,486.5,464
07/15/2019,July,2019,,666.5,486.5,456.5
07/16/2019,July,2019,,664,478,447.5
07/17/2019,July,2019,,658.5,472.5,441
07/18/2019,July,2019,,652,470.5,437
07/19/2019,July,2019,,646,467,434
07/22/2019,July,2019,,649,470.5,439
07/23/2019,July,2019,,651,469,437.5
07/24/2019,July,2019,,650,466,433.5
07/25/2019,July,2019,,652,465.5,433
07/26/2019,July,2019,,651,464.5,433.5
07/29/2019,July,2019,,652,464.5,433
07/30/2019,July,2019,,652,465,435
07/31/2019,July,2019,,657,470.5,441.5
08/01/2019,August,2019,,659,472.5,444
08/02/2019,August,2019,,649,462,429.5
08/05/2019,August,2019,,645.5,454,421
08/06/2019,August,2019,,637.5,439.5,409.5
08/07/2019,August,2019,,627,425.5,394.5
08/08/2019,August,2019,,617.5,405.5,376.5
08/09/2019,August,2019,,616,399.5,370
08/12/2019,August,2019,,619,404,370.5
08/13/2019,August,2019,,622,399,367
08/14/2019,August,2019,,628.5,401,369.5
08/15/2019,August,2019,,626,389.5,359
08/16/2019,August,2019,,628,391,358
08/19/2019,August,2019,,628,394,361
08/20/2019,August,2019,,629.5,397,367
08/21/2019,August,2019,,630,399,366.5
08/22/2019,August,2019,,631.5,401.5,370.5
08/23/2019,August,2019,,632,403.5,372.5
08/26/2019,August,2019,,629,400,375
08/27/2019,August,2019,,626,402.5,378
08/28/2019,August,2019,,630.5,412.5,387.5
08/29/2019,August,2019,,633.5,415,388
08/30/2019,August,2019,,635.5,414,388.5
09/02/2019,September,2019,,632,413,381
09/03/2019,September,2019,,626,405.5,369.5
09/04/2019,September,2019,,625,405,373.5
09/05/2019,September,2019,,631.5,424.5,382
09/06/2019,September,2019,,638.5,436,394.5
09/09/2019,September,2019,,641,444.5,404
09/10/2019,September,2019,,646,451.5,408.5
09/11/2019,September,2019,,649.5,449,406.5
09/12/2019,September,2019,,650,447,404.5
09/13/2019,September,2019,,648,456,418.5
09/16/2019,September,2019,,662,486,455
09/17/2019,September,2019,,682,533,500
09/18/2019,September,2019,,682.5,542.5,502
09/19/2019,September,2019,,669.5,525.5,485.5
09/20/2019,September,2019,,672.5,532,488.5
09/23/2019,September,2019,,671,518,482
09/24/2019,September,2019,,670.5,511.5,462
09/25/2019,September,2019,,662,487.5,452
09/26/2019,September,2019,,657,487,455
09/27/2019,September,2019,,658.5,487,455.5
09/30/2019,September,2019,,655.5,469.5,435.5
10/01/2019,October,2019,,652.5,452,420.5
10/02/2019,October,2019,,647,450.5,410.5
10/03/2019,October,2019,,641.5,444,406.5
10/04/2019,October,2019,,641,443,407
10/07/2019,October,2019,542.00,641,435,401
10/08/2019,October,2019,540.00,641,422,388.5
10/09/2019,October,2019,543.00,642.5,418,385.5
10/10/2019,October,2019,543.50,642.5,420.5,385
10/11/2019,October,2019,550.50,645.5,423,390.5
10/14/2019,October,2019,550.50,647,416,383
10/15/2019,October,2019,544.00,644,407,374
10/16/2019,October,2019,546.50,641.5,400,369.5
10/17/2019,October,2019,548.00,644.5,402,369.5
10/18/2019,October,2019,551.50,645,400.5,368
10/21/2019,October,2019,552.50,644.5,397.5,363
10/22/2019,October,2019,553.00,642.5,391.5,361
10/23/2019,October,2019,550.50,643.5,393.5,364
10/24/2019,October,2019,554.50,646.5,398,368.5
10/25/2019,October,2019,560.50,649.5,400,370.5
10/28/2019,October,2019,561.00,652,390.5,371.5
10/29/2019,October,2019,562.50,649.5,392,368.5
10/30/2019,October,2019,560.50,648,393,367
10/31/2019,October,2019,555.50,645.5,391.5,366
11/01/2019,November,2019,556.50,643.5,395,369
11/04/2019,November,2019,564.50,646.5,397,373.5
11/05/2019,November,2019,564.00,652,395.5,373.5
11/06/2019,November,2019,565.00,651,394,371
11/07/2019,November,2019,563.50,648.5,389,365
11/08/2019,November,2019,560.50,645.5,386,359.5
11/11/2019,November,2019,559.50,642.5,382.5,356.5
11/12/2019,November,2019,560.50,644,373,353
11/13/2019,November,2019,559.00,644,376.5,348.5
11/14/2019,November,2019,559.50,642,371,343.5
11/15/2019,November,2019,558.50,642,371,331.5
11/18/2019,November,2019,563.00,646,373.5,333.5
11/19/2019,November,2019,558.50,642,369.5,328.5
11/20/2019,November,2019,554.00,638,362.5,324.5
11/21/2019,November,2019,554.50,641.5,366,326.5
11/22/2019,November,2019,560.50,645,365.5,328.5
11/25/2019,November,2019,561.50,646.5,367.5,331.5
11/26/2019,November,2019,564.00,651,367,330
11/27/2019,November,2019,564.50,652,370.5,330.5
11/28/2019,November,2019,564.50,651.5,368,331.5
11/29/2019,November,2019,563.50,653,366,327
12/02/2019,December,2019,561.50,649,362.5,325.5
12/03/2019,December,2019,561.50,647.5,360.5,324
12/04/2019,December,2019,565.00,647.5,363.5,330
12/05/2019,December,2019,568.50,648.5,366.5,331.5
12/06/2019,December,2019,575.00,651,368.5,334.5
12/09/2019,December,2019,579.50,653.5,374,338
12/10/2019,December,2019,583.00,655,382,343
12/11/2019,December,2019,588.00,655.5,381.5,345
12/12/2019,December,2019,592.00,654.5,383,344.5
12/13/2019,December,2019,599.50,660.5,384.5,347.5
12/16/2019,December,2019,607.50,667,392.5,348.5
12/17/2019,December,2019,616.50,672.5,390.5,349
12/18/2019,December,2019,627.50,678,393.5,349.5
12/19/2019,December,2019,637.50,679,387.5,352.5
12/20/2019,December,2019,644.50,685,396,356
12/23/2019,December,2019,648.00,689,396.5,363
12/24/2019,December,2019,650.50,691,399,367
12/25/2019,December,2019,650.50,691,399,367
12/26/2019,December,2019,655.00,690,399,366.5
12/27/2019,December,2019,661.50,698,393.5,365.5
12/30/2019,December,2019,670.50,705,394.5,365
12/31/2019,December,2019,672.00,709.5,389,365
01/01/2020,January,2020,672.00,709.5,,365.5
01/02/2020,January,2020,677.50,715.5,383,362.5
01/03/2020,January,2020,684.00,716,392.5,370.5
01/06/2020,January,2020,694.00,722.5,385,381
01/07/2020,January,2020,691.50,717,386.5,377
01/08/2020,January,2020,693.50,718,392.5,379.5
01/09/2020,January,2020,688.50,713,389.5,377.5
01/10/2020,January,2020,681.50,705.5,391,378.5
01/13/2020,January,2020,673.00,698.5,379.5,377
01/14/2020,January,2020,666.00,694,372.5,376
01/15/2020,January,2020,658.00,684.5,366.5,370.5
01/16/2020,January,2020,651.50,683,364,369
01/17/2020,January,2020,646.00,678.5,366,367.5
01/20/2020,January,2020,647.50,676.5,371,369.5
01/21/2020,January,2020,645.50,676.5,367,369
01/22/2020,January,2020,643.00,669.5,355.5,366.5
01/23/2020,January,2020,633.50,664.5,367,366
01/24/2020,January,2020,631.00,659.5,362,367.5
01/27/2020,January,2020,619.50,649.5,353.5,364.5
01/28/2020,January,2020,608.50,634.5,355,361
01/29/2020,January,2020,604.00,634,351.5,357
01/30/2020,January,2020,595.50,626,347,353
01/31/2020,January,2020,593.00,621,347,350.5
02/03/2020,February,2020,577.50,609.5,353,343
02/04/2020,February,2020,561.50,604,357.5,341
02/05/2020,February,2020,558.50,602.5,355.5,344.5
02/06/2020,February,2020,560.50,605.5,360,345
02/07/2020,February,2020,557.50,597.5,359,344.5
02/10/2020,February,2020,552.00,597.5,340.5,341.5
02/11/2020,February,2020,550.00,593,341.5,340
02/12/2020,February,2020,544.50,595,313.5,341.5
02/13/2020,February,2020,544.00,597,335.5,343.5
02/14/2020,February,2020,538.00,589.5,337.5,346.5
02/17/2020,February,2020,536.50,590,339.5,346.5
02/18/2020,February,2020,534.00,587,336,344.5
02/19/2020,February,2020,532.00,584,338.5,345
02/20/2020,February,2020,529.50,586.5,342.5,349
02/21/2020,February,2020,526.50,584.5,327,346.5
02/24/2020,February,2020,516.50,578.5,325,342.5
02/25/2020,February,2020,511.00,571.5,322.5,342.5
02/26/2020,February,2020,497.00,560.5,321.5,335
02/27/2020,February,2020,479.50,550.5,310.5,331
02/28/2020,February,2020,467.00,537,303.5,326
03/02/2020,March,2020,466.50,540.5,304.5,332
03/03/2020,March,2020,460.00,529.5,295,329.5
03/04/2020,March,2020,459.00,538,,331.5
03/05/2020,March,2020,455.50,536.5,,329
03/06/2020,March,2020,443.00,526,,326
03/09/2020,March,2020,396.50,495.5,,285.5
03/10/2020,March,2020,382.00,470,,277.5
03/11/2020,March,2020,381.00,465.5,,271
03/12/2020,March,2020,368.00,458.5,,264
03/13/2020,March,2020,361.50,448.5,,262
03/16/2020,March,2020,341.00,435.5,,255
03/17/2020,March,2020,333.50,423,,249.5
03/18/2020,March,2020,310.50,405.5,,236.5
03/19/2020,March,2020,296.00,390,,225
03/20/2020,March,2020,303.00,398.5,,231.5
03/23/2020,March,2020,284.00,386.5,,224.5
03/24/2020,March,2020,287.00,384,,225.5
03/25/2020,March,2020,291.50,390.5,,216
03/26/2020,March,2020,285.00,385,,223
03/27/2020,March,2020,283.50,377.5,,216.5
03/30/2020,March,2020,274.50,369.5,,209.5
03/31/2020,March,2020,272.00,366.5,,204
04/01/2020,April,2020,268.00,359,,203
04/02/2020,April,2020,263.50,352,,198
04/03/2020,April,2020,270.50,356.5,,207.5
04/06/2020,April,2020,277.50,364,,215.5
04/07/2020,April,2020,279.00,363,,217.5
04/08/2020,April,2020,275.50,359,,215
04/09/2020,April,2020,277.00,356,,213
04/10/2020,April,2020,274.50,353,,214.5
04/13/2020,April,2020,272.00,351.5,,211
04/14/2020,April,2020,271.50,346,,209
04/15/2020,April,2020,263.00,338,,207.5
04/16/2020,April,2020,257.50,333,,198.5
04/17/2020,April,2020,260.50,326,,205
04/20/2020,April,2020,259.00,323.5,,193
04/21/2020,April,2020,241.50,314.5,,180
04/22/2020,April,2020,221.50,295.5,,169
04/23/2020,April,2020,225.00,289.5,,164.5
04/24/2020,April,2020,223.50,286,,164
04/27/2020,April,2020,219.50,279,,165
04/28/2020,April,2020,210.00,268.5,,160
04/29/2020,April,2020,212.50,271.5,,157.5
04/30/2020,April,2020,224.00,276.5,,163.5
05/01/2020,May,2020,228.00,285.5,,162.5
05/04/2020,May,2020,223.00,283.5,,169.5
05/05/2020,May,2020,233.00,287,,174.5
05/06/2020,May,2020,242.50,298.5,,179
05/07/2020,May,2020,243.00,299,,180.5
05/08/2020,May,2020,244.50,304,,186.5
05/11/2020,May,2020,246.00,303,,189
05/12/2020,May,2020,247.00,301,,184.5
05/13/2020,May,2020,242.00,298.5,,184.5
05/14/2020,May,2020,243.00,297,,181.5
05/15/2020,May,2020,250.00,300,,189.5
05/18/2020,May,2020,266.50,317,,201.5
05/19/2020,May,2020,275.50,325.5,,212
05/20/2020,May,2020,280.00,333.5,,216
05/21/2020,May,2020,282.00,333.5,,215
05/22/2020,May,2020,280.50,337,,220.5
05/25/2020,May,2020,284.50,339.5,,222
05/26/2020,May,2020,287.50,346,,221.5
05/27/2020,May,2020,289.00,344.5,,222
05/28/2020,May,2020,282.00,343.5,,218
05/29/2020,May,2020,281.00,346.5,,217.5
06/01/2020,June,2020,289.50,344,,221
06/02/2020,June,2020,296.00,350.5,,232
06/03/2020,June,2020,302.50,359,,244
06/04/2020,June,2020,302.00,358,,238.5
06/05/2020,June,2020,307.00,361,,249
06/08/2020,June,2020,322.00,372,,257.5
06/09/2020,June,2020,320.00,373,,258
06/10/2020,June,2020,321.50,381.5,,261
06/11/2020,June,2020,320.00,383.5,,259
06/12/2020,June,2020,313.50,377.5,,257
06/15/2020,June,2020,311.00,376,,253
06/16/2020,June,2020,317.00,380,,253.5
06/17/2020,June,2020,323.00,387.5,,255.5
06/18/2020,June,2020,324.50,389,,256.5
06/19/2020,June,2020,331.50,396.5,,263.5
06/22/2020,June,2020,333.00,400.5,,266.5
06/23/2020,June,2020,337.50,404.5,,271
06/24/2020,June,2020,335.00,405,,269.5
06/25/2020,June,2020,328.00,397,,262.5
06/26/2020,June,2020,328.00,397.5,,263
06/29/2020,June,2020,325.50,396,,262.5
06/30/2020,June,2020,326.50,394.5,,261.5
07/01/2020,July,2020,331.00,398,,266
07/02/2020,July,2020,333.50,400,,266
07/03/2020,July,2020,337.00,405.5,,269
07/06/2020,July,2020,340.50,408.5,,275
07/07/2020,July,2020,341.00,412,,273.5
07/08/2020,July,2020,341.00,411.5,,281
07/09/2020,July,2020,342.00,412,,266
07/10/2020,July,2020,338.00,410,,282
07/13/2020,July,2020,340.50,412.5,,280.5
07/14/2020,July,2020,338.50,410.5,,280
07/15/2020,July,2020,338.50,409.5,,281
07/16/2020,July,2020,340.00,412,,282
07/17/2020,July,2020,340.50,414,,282
07/20/2020,July,2020,338.50,410.5,,282
07/21/2020,July,2020,344.00,413.5,,284
07/22/2020,July,2020,348.00,419.5,,285.5
07/23/2020,July,2020,350.00,422.5,,286.5
07/24/2020,July,2020,347.50,420.5,,286.5
07/27/2020,July,2020,346.50,419,,286
07/28/2020,July,2020,345.50,418,,286
07/29/2020,July,2020,347.00,419,,287.5
07/30/2020,July,2020,345.50,418.5,,286.5
07/31/2020,July,2020,343.00,413.5,,288
08/03/2020,August,2020,343.50,412.5,,286
08/04/2020,August,2020,343.50,413.5,,286
08/05/2020,August,2020,349.00,417,,290.5
08/06/2020,August,2020,349.50,419,,292.5
08/07/2020,August,2020,350.00,419,,292.5
08/10/2020,August,2020,347.50,416,,294
08/11/2020,August,2020,349.00,421,,294.5
08/12/2020,August,2020,351.00,419.5,,294
08/13/2020,August,2020,351.00,420.5,,295
08/14/2020,August,2020,350.00,419.5,,295.5
08/17/2020,August,2020,351.50,418.5,,295.5
08/18/2020,August,2020,354.50,417.5,,297.5
08/19/2020,August,2020,354.00,420,,298.5
08/20/2020,August,2020,353.00,418,,298.5
08/21/2020,August,2020,351.00,418.5,,297
08/24/2020,August,2020,349.50,416.5,,297.5
08/25/2020,August,2020,353.50,419.5,,299.5
08/26/2020,August,2020,356.00,421,,301.5
08/27/2020,August,2020,355.50,419,,302.5
08/28/2020,August,2020,351.50,418,,301
08/31/2020,August,2020,354.50,418.5,,301
09/01/2020,September,2020,355.00,416.5,,301
09/02/2020,September,2020,355.50,419,,301.5
09/03/2020,September,2020,347.50,410.5,,296
09/04/2020,September,2020,344.50,406,,294.5
09/07/2020,September,2020,339.00,403.5,,289
09/08/2020,September,2020,333.50,397.5,,287
09/09/2020,September,2020,326.00,387,,278.5
09/10/2020,September,2020,325.50,387,,278.5
09/11/2020,September,2020,323.50,383.5,,274
09/14/2020,September,2020,324.50,386,,275.5
09/15/2020,September,2020,323.00,381,,274.5
09/16/2020,September,2020,329.00,383.5,,278
09/17/2020,September,2020,331.00,385,,278
09/18/2020,September,2020,337.00,390.5,,284
09/21/2020,September,2020,334.50,392,,283.5
09/22/2020,September,2020,330.00,384,,279
09/23/2020,September,2020,330.00,388.5,,278.5
09/24/2020,September,2020,329.50,387,,277
09/25/2020,September,2020,331.50,384,,279
09/28/2020,September,2020,331.00,385.5,,280
09/29/2020,September,2020,334.00,387.5,,280.5
09/30/2020,September,2020,333.50,385.5,,279.5
10/01/2020,October,2020,335.00,388,,282.5
10/02/2020,October,2020,331.50,383.5,,277
10/05/2020,October,2020,331.50,387.5,,276.5
10/06/2020,October,2020,335.00,385.5,,279.5
10/07/2020,October,2020,339.50,395,,281.5
10/08/2020,October,2020,340.00,395.5,,282.5
10/09/2020,October,2020,342.50,401.5,,285
10/12/2020,October,2020,342.00,403.5,,285.5
10/13/2020,October,2020,341.50,400,,285
10/14/2020,October,2020,341.00,400,,288
10/15/2020,October,2020,343.50,404,,289
10/16/2020,October,2020,342.50,401,,289.5
10/19/2020,October,2020,341.50,400.5,,289.5
10/20/2020,October,2020,340.50,398.5,,290.5
10/21/2020,October,2020,339.00,399.5,,290.5
10/22/2020,October,2020,339.00,393.5,,290
10/23/2020,October,2020,339.50,397,,291.5
10/26/2020,October,2020,335.50,392.5,,287.5
10/27/2020,October,2020,333.00,386,,285
10/28/2020,October,2020,332.00,383.5,,284
10/29/2020,October,2020,327.00,382,,280.5
10/30/2020,October,2020,324.00,378.5,,275.5
11/02/2020,November,2020,318.50,372,,273.5
11/03/2020,November,2020,327.00,381,,279.5
11/04/2020,November,2020,331.00,382,,281
11/05/2020,November,2020,335.50,385.5,,285
11/06/2020,November,2020,335.50,388,,285
11/09/2020,November,2020,340.50,388,,287
11/10/2020,November,2020,350.00,399.5,,295
11/11/2020,November,2020,361.50,410.5,,302.5
11/12/2020,November,2020,361.50,413.5,,303.5
11/13/2020,November,2020,357.50,409.5,,301.5
11/16/2020,November,2020,359.00,410.5,,301.5
11/17/2020,November,2020,361.00,416,,302.5
11/18/2020,November,2020,361.50,412,,302.5
11/19/2020,November,2020,361.50,412.5,,303.5
11/20/2020,November,2020,363.00,416,,303
11/23/2020,November,2020,369.00,419.5,,307
11/24/2020,November,2020,375.00,425,,309.5
11/25/2020,November,2020,383.00,432,,315
11/26/2020,November,2020,385.50,437.5,,317.5
11/27/2020,November,2020,385.00,438.5,,317
11/30/2020,November,2020,386.50,437.5,,316
12/01/2020,December,2020,389.00,443.5,,316.5
12/02/2020,December,2020,386.00,439.5,,316
12/03/2020,December,2020,390.00,443,,318.5
12/04/2020,December,2020,395.00,449.5,,324.5
12/07/2020,December,2020,395.00,449,,323
12/08/2020,December,2020,396.00,453,,322
12/09/2020,December,2020,397.50,452.5,,323.5
12/10/2020,December,2020,400.00,454,,322.5
12/11/2020,December,2020,403.50,455.5,,326.5
12/14/2020,December,2020,406.00,460,,328
12/15/2020,December,2020,406.50,463,,329
12/16/2020,December,2020,408.00,466.5,,330
12/17/2020,December,2020,414.50,467.5,,333
12/18/2020,December,2020,414.50,472,,334.5
12/21/2020,December,2020,412.00,469.5,,332
12/22/2020,December,2020,411.00,466.5,,330
12/23/2020,December,2020,410.50,467,,329
12/24/2020,December,2020,416.00,470.5,,331.5
12/25/2020,December,2020,416.00,470.5,,331.5
12/28/2020,December,2020,421.50,474,,333
12/29/2020,December,2020,421.50,476,,333.5
12/30/2020,December,2020,422.00,475.5,,333.5
12/31/2020,December,2020,421.00,480,,341.5
01/01/2021,January,2021,421.00,480,,341.5
01/04/2021,January,2021,426.00,482.5,,338
01/05/2021,January,2021,424.50,475.5,,335
01/06/2021,January,2021,430.50,482.5,,342.5
01/07/2021,January,2021,434.00,484.5,,348
01/08/2021,January,2021,436.50,485.5,,350.5
01/11/2021,January,2021,444.50,493,,355
01/12/2021,January,2021,450.00,496.5,,358
01/13/2021,January,2021,453.50,500.5,,362
01/14/2021,January,2021,455.50,503.5,,360
01/15/2021,January,2021,455.00,504.5,,359.5
01/18/2021,January,2021,452.50,501.5,,356.5
01/19/2021,January,2021,455.00,500.5,,355.5
01/20/2021,January,2021,457.50,503.5,,358.5
01/21/2021,January,2021,457.50,508,,358
01/22/2021,January,2021,455.00,505.5,,356
01/25/2021,January,2021,454.00,503,,356.5
01/26/2021,January,2021,455.50,503,,356
01/27/2021,January,2021,457.00,505,,358
01/28/2021,January,2021,455.50,502.5,,360
01/29/2021,January,2021,454.50,506,,354
02/01/2021,February,2021,455.50,506.5,,355.5
02/02/2021,February,2021,462.50,508.5,,361
02/03/2021,February,2021,467.50,518,,365.5
02/04/2021,February,2021,473.00,522,,369
02/05/2021,February,2021,477.00,525,,371
02/08/2021,February,2021,482.50,529.5,,375
02/09/2021,February,2021,488.50,537.5,,378.5
02/10/2021,February,2021,492.50,540.5,,380
02/11/2021,February,2021,494.00,543,,380
02/12/2021,February,2021,494.00,543.5,,380
02/15/2021,February,2021,500.50,550.5,,388
02/16/2021,February,2021,504.50,553,,391.5
02/17/2021,February,2021,507.00,554.5,,391.5
02/18/2021,February,2021,512.00,559.5,,396
02/19/2021,February,2021,507.50,567,,393
02/22/2021,February,2021,509.00,565.5,,392.5
02/23/2021,February,2021,514.50,570,,398
02/24/2021,February,2021,519.50,572.5,,398.5
02/25/2021,February,2021,526.00,579.5,,405
02/26/2021,February,2021,523.50,580,,404.5
03/01/2021,March,2021,520.50,577.5,,402
03/02/2021,March,2021,512.00,574,,395.5
03/03/2021,March,2021,511.50,570,,394
03/04/2021,March,2021,515.50,573.5,,397.5
03/05/2021,March,2021,528.00,582,,410
03/08/2021,March,2021,536.00,590,,419.5
03/09/2021,March,2021,532.00,588,,418
03/10/2021,March,2021,528.50,583.5,,413
03/11/2021,March,2021,532.50,588,,418.5
03/12/2021,March,2021,536.00,591.5,,421
03/15/2021,March,2021,536.50,593.5,,423
03/16/2021,March,2021,532.50,590.5,,419.5
03/17/2021,March,2021,531.50,589.5,,416.5
03/18/2021,March,2021,525.00,582,,412.5
03/19/2021,March,2021,510.50,573.5,,403
03/22/2021,March,2021,511.00,571,,403.5
03/23/2021,March,2021,505.00,568,,397.5
03/24/2021,March,2021,498.50,562.5,,391.5
03/25/2021,March,2021,496.00,558.5,,389.5
03/26/2021,March,2021,495.00,562,,390.5
03/29/2021,March,2021,500.00,563.5,,393.5
03/30/2021,March,2021,502.00,564,,396
03/31/2021,March,2021,499.50,561,,392
04/01/2021,April,2021,496.50,559,,389
04/02/2021,April,2021,499.00,559,,388.5
04/05/2021,April,2021,496.00,556.5,,388
04/06/2021,April,2021,496.00,557,,386
04/07/2021,April,2021,494.50,557,,381
04/08/2021,April,2021,494.50,557.5,,382
04/09/2021,April,2021,493.50,556,,381
04/12/2021,April,2021,496.00,558,,383
04/13/2021,April,2021,496.00,556.5,,383
04/14/2021,April,2021,502.00,562,,387.5
04/15/2021,April,2021,511.00,563.5,,394
04/16/2021,April,2021,514.50,575,,397.5
04/19/2021,April,2021,513.00,574,,398.5
04/20/2021,April,2021,513.50,575.5,,400.5
04/21/2021,April,2021,508.00,573.5,,399
04/22/2021,April,2021,506.50,570,,399
04/23/2021,April,2021,505.50,569,,398.5
04/26/2021,April,2021,505.00,569,,397
04/27/2021,April,2021,507.50,570,,397.5
04/28/2021,April,2021,510.00,572.5,,399
04/29/2021,April,2021,514.00,577,,401.5
04/30/2021,April,2021,514.50,575.5,,402
05/03/2021,May,2021,512.50,572.5,,402
05/04/2021,May,2021,518.00,581.5,,406
05/05/2021,May,2021,525.00,589.5,,412
05/06/2021,May,2021,523.50,591.5,,410.5
05/07/2021,May,2021,520.00,590.5,,409.5
05/10/2021,May,2021,524.50,592,,410.5
05/11/2021,May,2021,519.00,592,,408
05/12/2021,May,2021,523.00,595.5,,409
05/13/2021,May,2021,520.50,597.5,,406.5
05/14/2021,May,2021,515.50,594,,402.5
05/17/2021,May,2021,519.50,592.5,,404.5
05/18/2021,May,2021,522.00,599,,405.5
05/19/2021,May,2021,513.50,591.5,,403
05/20/2021,May,2021,509.50,586,,399.5
05/21/2021,May,2021,506.00,584.5,,398
05/24/2021,May,2021,511.00,586.5,,399.5
05/25/2021,May,2021,513.50,590,,402.5
05/26/2021,May,2021,515.00,592,,404
05/27/2021,May,2021,514.50,593,,403.5
05/28/2021,May,2021,520.00,596,,407.5
05/31/2021,May,2021,524.00,598,,408.5
06/01/2021,June,2021,529.00,600,,413
06/02/2021,June,2021,533.50,605,,415.5
06/03/2021,June,2021,537.00,611,,418
06/04/2021,June,2021,539.00,613.5,,421
06/07/2021,June,2021,540.00,616.5,,421
06/08/2021,June,2021,539.00,615.5,,417.5
06/09/2021,June,2021,541.50,617,,422
06/10/2021,June,2021,540.00,616.5,,420.5
06/11/2021,June,2021,541.50,617,,421
06/14/2021,June,2021,543.50,621.5,,423.5
06/15/2021,June,2021,543.50,624,,427
06/16/2021,June,2021,547.50,626,,427.5
06/17/2021,June,2021,549.00,626.5,,427.5
06/18/2021,June,2021,544.00,625.5,,424
06/21/2021,June,2021,547.50,627.5,,426
06/22/2021,June,2021,549.50,629,,428.5
06/23/2021,June,2021,553.00,633.5,,434.5
06/24/2021,June,2021,553.50,635.5,,435.5
06/25/2021,June,2021,555.00,636,,436.5
06/28/2021,June,2021,557.00,644.5,,439
06/29/2021,June,2021,553.50,638,,436
06/30/2021,June,2021,555.00,640,,438.5
07/01/2021,July,2021,558.50,641.5,,441.5
07/02/2021,July,2021,560.50,642.5,,444
07/05/2021,July,2021,564.00,647,,445
07/06/2021,July,2021,565.00,650,,446
07/07/2021,July,2021,559.50,649,,438.5
07/08/2021,July,2021,550.50,635,,434
07/09/2021,July,2021,555.50,638.5,,436
07/12/2021,July,2021,558.00,643.5,,440
07/13/2021,July,2021,559.00,644,,441
07/14/2021,July,2021,564.00,648,,444
07/15/2021,July,2021,557.00,644.5,,439
07/16/2021,July,2021,554.50,641.5,,435.5
07/19/2021,July,2021,548.00,631,,433
07/20/2021,July,2021,539.50,621,,426.5
07/21/2021,July,2021,538.50,616,,426.5
07/22/2021,July,2021,546.50,628,,432.5
07/23/2021,July,2021,549.50,631,,436
07/26/2021,July,2021,549.00,630.5,,437.5
07/27/2021,July,2021,552.50,634,,440
07/28/2021,July,2021,553.50,634,,440.5
07/29/2021,July,2021,557.50,638.5,,446
07/30/2021,July,2021,559.50,639,,448
08/02/2021,August,2021,558.50,639.5,,446.5
08/03/2021,August,2021,553.00,638,,443.5
08/04/2021,August,2021,547.00,631,,439
08/05/2021,August,2021,543.00,630.5,,437.5
08/06/2021,August,2021,544.00,630.5,,438
08/09/2021,August,2021,532.50,616,,429
08/10/2021,August,2021,533.00,611.5,,431.5
08/11/2021,August,2021,535.50,615.5,,435
08/12/2021,August,2021,540.00,618,,433.5
08/13/2021,August,2021,536.00,618,,434.5
08/16/2021,August,2021,532.50,615,,432.5
08/17/2021,August,2021,532.00,613.5,,431
08/18/2021,August,2021,528.50,613,,429
08/19/2021,August,2021,519.50,605,,422.5
08/20/2021,August,2021,513.50,597.5,,420
08/23/2021,August,2021,514.50,602.5,,422
08/24/2021,August,2021,528.00,611.5,,431.5
08/25/2021,August,2021,533.50,619.5,,439
08/26/2021,August,2021,537.00,623,,443.5
08/27/2021,August,2021,539.00,626,,445.5
08/30/2021,August,2021,542.00,629,,449.5
08/31/2021,August,2021,542.00,632.5,,449
09/01/2021,September,2021,544.50,632,,448.5
09/02/2021,September,2021,545.00,636,,448
09/03/2021,September,2021,547.50,641,,451
09/06/2021,September,2021,546.00,641.5,,449.5
09/07/2021,September,2021,547.50,637,,449
09/08/2021,September,2021,546.50,635.5,,451.5
09/09/2021,September,2021,548.00,635,,453
09/10/2021,September,2021,547.00,642.5,,454.5
09/13/2021,September,2021,552.00,643.5,,461
09/14/2021,September,2021,554.50,643.5,,456.5
09/15/2021,September,2021,558.00,647,,456
09/16/2021,September,2021,562.50,651,,464.5
09/17/2021,September,2021,563.00,653,,465
09/20/2021,September,2021,561.00,653,,465
09/21/2021,September,2021,561.50,652.5,,464.5
09/22/2021,September,2021,564.50,655.5,,468.5
09/23/2021,September,2021,569.50,660.5,,473.5
09/24/2021,September,2021,572.50,661.5,,478.5
09/27/2021,September,2021,580.00,676,,485
09/28/2021,September,2021,584.00,680,,492
09/29/2021,September,2021,581.50,680.5,,487
09/30/2021,September,2021,581.50,682.5,,489
10/01/2021,October,2021,583.50,686,,490
10/04/2021,October,2021,589.50,696.5,,495
10/05/2021,October,2021,596.50,709,,507
10/06/2021,October,2021,601.00,718.5,,514.5
10/07/2021,October,2021,598.50,718.5,,513.5
10/08/2021,October,2021,606.50,726,,516
10/11/2021,October,2021,613.50,736,,521.5
10/12/2021,October,2021,618.50,742,,525
10/13/2021,October,2021,617.50,741,,525
10/14/2021,October,2021,625.00,743.5,,524
10/15/2021,October,2021,628.50,749,,529.5
10/18/2021,October,2021,632.00,756.5,,532.5
10/19/2021,October,2021,630.50,755,,528.5
10/20/2021,October,2021,633.00,755,,530.5
10/21/2021,October,2021,638.50,754.5,,531
10/22/2021,October,2021,636.00,751.5,,528.5
10/25/2021,October,2021,640.50,754.5,,529.5
10/26/2021,October,2021,641.50,761,,524.5
10/27/2021,October,2021,641.00,758.5,,522
10/28/2021,October,2021,629.50,757,,514
10/29/2021,October,2021,634.00,754,,515
11/01/2021,November,2021,635.50,758.5,,513.5
11/02/2021,November,2021,633.50,758.5,,513
11/03/2021,November,2021,629.00,751.5,,505.5
11/04/2021,November,2021,623.00,745.5,,501.5
11/05/2021,November,2021,617.50,747,,498.5
11/08/2021,November,2021,629.00,753,,504.5
11/09/2021,November,2021,630.50,756.5,,502.5
11/10/2021,November,2021,639.00,761,,505.5
11/11/2021,November,2021,630.00,754.5,,498
11/12/2021,November,2021,629.00,751,,494
11/15/2021,November,2021,624.50,745.5,,488.5
11/16/2021,November,2021,627.00,741,,495
11/17/2021,November,2021,624.50,739,,493.5
11/18/2021,November,2021,617.50,733.5,,489
11/19/2021,November,2021,619.50,734,,491
11/22/2021,November,2021,611.00,725.5,,487
11/23/2021,November,2021,613.00,726,,487.5
11/24/2021,November,2021,623.50,732,,496
11/25/2021,November,2021,627.00,737,,494
11/26/2021,November,2021,618.00,720,,491
11/29/2021,November,2021,594.50,704,,474.5
11/30/2021,November,2021,585.50,691,,455.5
12/01/2021,December,2021,587.00,685.5,,461
12/02/2021,December,2021,580.50,683,,443.5
12/03/2021,December,2021,591.00,682,,449.5
12/06/2021,December,2021,587.50,685.5,,447.5
12/07/2021,December,2021,595.50,690,,456.5
12/08/2021,December,2021,597.50,702,,460.5
12/09/2021,December,2021,602.00,704.5,,470
12/10/2021,December,2021,600.00,704.5,,468
12/13/2021,December,2021,604.00,702,,469.5
12/14/2021,December,2021,604.50,702.5,,467
12/15/2021,December,2021,601.00,697.5,,464.5
12/16/2021,December,2021,603.50,697,,468.5
12/17/2021,December,2021,605.50,699,,468.5
12/20/2021,December,2021,593.50,688,,463.5
12/21/2021,December,2021,595.50,692,,467.5
12/22/2021,December,2021,601.50,696,,470.5
12/23/2021,December,2021,609.50,710.5,,478
12/24/2021,December,2021,611.00,706.5,,474.5
12/27/2021,December,2021,612.00,706,,475.5
12/28/2021,December,2021,625.00,721,,486
12/29/2021,December,2021,627.50,718,,482.5
12/30/2021,December,2021,633.50,722.5,,480.5
12/31/2021,December,2021,633.50,722.5,,480.5
01/03/2022,January,2022,628.50,727,,482
01/04/2022,January,2022,631.50,732.5,,485
01/05/2022,January,2022,634.50,737,,492
01/06/2022,January,2022,636.50,742,,496
01/07/2022,January,2022,641.50,755.5,,500.5
01/10/2022,January,2022,642.50,753,,500
01/11/2022,January,2022,647.00,759.5,,502
01/12/2022,January,2022,660.00,780,,510.5
01/13/2022,January,2022,663.50,780,,517.5
01/14/2022,January,2022,667.50,791,,521
01/17/2022,January,2022,676.00,800,,536.5
01/18/2022,January,2022,686.00,801.5,,530
01/19/2022,January,2022,691.50,813,,538.5
01/20/2022,January,2022,694.50,812.5,,541
01/21/2022,January,2022,693.50,809.5,,539
01/24/2022,January,2022,692.50,812.5,,540.5
01/25/2022,January,2022,691.00,814.5,,540.5
01/26/2022,January,2022,693.00,822.5,,547.5
01/27/2022,January,2022,699.50,831,,554.5
01/28/2022,January,2022,703.00,839.5,,555.5
01/31/2022,January,2022,706.00,841,,557.5
02/01/2022,February,2022,705.00,840.5,,559
02/02/2022,February,2022,708.00,843.5,,556
02/03/2022,February,2022,717.00,845.5,,557.5
02/04/2022,February,2022,731.50,853.5,,563.5
02/07/2022,February,2022,734.00,867.5,,565.5
02/08/2022,February,2022,729.50,859.5,,562.5
02/09/2022,February,2022,726.00,858,,561
02/10/2022,February,2022,729.00,855.5,,562
02/11/2022,February,2022,732.50,865,,562
02/14/2022,February,2022,745.00,880,,569.5
02/15/2022,February,2022,745.00,883,,571
02/16/2022,February,2022,743.50,880.5,,572
02/17/2022,February,2022,737.50,871,,564.5
02/18/2022,February,2022,737.00,867.5,,562.5
02/21/2022,February,2022,740.00,866.5,,567.5
02/22/2022,February,2022,754.50,882.5,,581
02/23/2022,February,2022,752.00,884.5,,579.5
02/24/2022,February,2022,774.00,904.5,,597
02/25/2022,February,2022,772.50,908.5,,590
02/28/2022,February,2022,781.50,912.5,,591.5
03/01/2022,March,2022,800.50,930.5,,602.5
03/02/2022,March,2022,841.00,985.5,,625.5
03/03/2022,March,2022,882.50,1039.5,,649
03/04/2022,March,2022,888.50,1056,,653
03/07/2022,March,2022,962.50,1171.5,,714.5
03/08/2022,March,2022,987.00,1180,,724
03/09/2022,March,2022,1040.50,1210,,749.5
03/10/2022,March,2022,995.50,1178.5,,720.5
03/11/2022,March,2022,958.50,1121,,701.5
03/14/2022,March,2022,952.00,1115,,701.5
03/15/2022,March,2022,899.50,1070,,685
03/16/2022,March,2022,878.00,1046.5,,672.5
03/17/2022,March,2022,875.00,1071.5,,666.5
03/18/2022,March,2022,902.00,1081.5,,675.5
03/21/2022,March,2022,923.50,1141.5,,688
03/22/2022,March,2022,938.00,1167.5,,706
03/23/2022,March,2022,943.00,1121,,719
03/24/2022,March,2022,966.00,1212,,741
03/25/2022,March,2022,953.50,1210,,726.5
03/28/2022,March,2022,953.50,1198,,729.5
03/29/2022,March,2022,938.50,1184.5,,717.5
03/30/2022,March,2022,929.50,1173.5,,715.5
03/31/2022,March,2022,915.50,1177.5,,716
04/01/2022,April,2022,904.50,1158,,706
04/04/2022,April,2022,909.50,1180.5,,711
04/05/2022,April,2022,919.50,1193,,722
04/06/2022,April,2022,919.50,1188,,712.5
04/07/2022,April,2022,891.50,1154.5,,696.5
04/08/2022,April,2022,887.50,1148,,688.5
04/11/2022,April,2022,884.00,1149.5,,693
04/12/2022,April,2022,887.50,1161,,699.5
04/13/2022,April,2022,908.50,1190.5,,727
04/14/2022,April,2022,917.00,1225,,734
04/15/2022,April,2022,927.00,1226.5,,736.5
04/18/2022,April,2022,928.50,1236,,741
04/19/2022,April,2022,931.50,1258.5,,746
04/20/2022,April,2022,928.50,1238.5,,741
04/21/2022,April,2022,921.50,1253,,742.5
04/22/2022,April,2022,919.00,1242.5,,742.5
04/25/2022,April,2022,890.00,1223,,726.5
04/26/2022,April,2022,886.50,1228.5,,712
04/27/2022,April,2022,901.00,1259.5,,738
04/28/2022,April,2022,903.50,1274.5,,743
04/29/2022,April,2022,924.50,1307.5,,747.5
05/02/2022,May,2022,920.50,1298.5,,751
05/03/2022,May,2022,928.50,1302,,757.5
05/04/2022,May,2022,925.00,1325.5,,761.5
05/05/2022,May,2022,935.00,1346,,769.5
05/06/2022,May,2022,933.50,1340,,759.5
05/09/2022,May,2022,932.00,1303,,756.5
05/10/2022,May,2022,907.50,1299,,737
05/11/2022,May,2022,902.00,1290.5,,726.5
05/12/2022,May,2022,902.00,1280.5,,722
05/13/2022,May,2022,918.50,1286.5,,730
05/16/2022,May,2022,935.00,1286,,734
05/17/2022,May,2022,949.00,1278,,746
05/18/2022,May,2022,959.50,1277.5,,742.5
05/19/2022,May,2022,949.00,1248.5,,725.5
05/20/2022,May,2022,950.00,1243.5,,734.5
05/23/2022,May,2022,958.50,1253,,734.5
05/24/2022,May,2022,960.00,1249,,734
05/25/2022,May,2022,974.00,1254,,740
05/26/2022,May,2022,975.50,1267.5,,736.5
05/27/2022,May,2022,1000.50,1275,,745
05/30/2022,May,2022,1023.50,1285.5,,743.5
05/31/2022,May,2022,1030.50,1322,,744
06/01/2022,June,2022,1042.00,1317.5,,741.5
06/02/2022,June,2022,1038.50,1326.5,,731.5
06/03/2022,June,2022,1067.50,1375,,741
06/06/2022,June,2022,1083.50,1374,,738.5
06/07/2022,June,2022,1100.00,1386,,732
06/08/2022,June,2022,1119.50,1408.5,,732.5
06/09/2022,June,2022,1118.50,1404,,731.5
06/10/2022,June,2022,1122.50,1421,,730
06/13/2022,June,2022,1109.00,1405,,729
06/14/2022,June,2022,1125.50,1410.5,,739
06/15/2022,June,2022,1104.50,1414,,730
06/16/2022,June,2022,1097.50,1410.5,,729.5
06/17/2022,June,2022,1095.00,1430,,723.5
06/20/2022,June,2022,1076.50,1413,,699
06/21/2022,June,2022,1087.50,1422.5,,704.5
06/22/2022,June,2022,1080.00,1417.5,,694.5
06/23/2022,June,2022,1066.50,1411,,689
06/24/2022,June,2022,1065.50,1422.5,,694.5
06/27/2022,June,2022,1069.50,1411,,690
06/28/2022,June,2022,1081.50,1431.5,,697.5
06/29/2022,June,2022,1085.50,1399.5,,700
06/30/2022,June,2022,1077.50,1356,,688
07/01/2022,July,2022,1072.00,1386.5,,681
07/04/2022,July,2022,1077.50,1369,,670.5
07/05/2022,July,2022,1081.00,1343.5,,660.5
07/06/2022,July,2022,1027.50,1287.5,,623.5
07/07/2022,July,2022,997.00,1270,,616.5
07/08/2022,July,2022,1020.50,1283.5,,624
07/11/2022,July,2022,1009.50,1309,,626.5
07/12/2022,July,2022,995.00,1269,,616
07/13/2022,July,2022,968.50,1242,,591
07/14/2022,July,2022,960.00,1257,,577
07/15/2022,July,2022,957.00,1241.5,,575.5
07/18/2022,July,2022,966.00,1251.5,,590
07/19/2022,July,2022,968.50,1247,,591
07/20/2022,July,2022,963.50,1242.5,,594
07/21/2022,July,2022,942.00,1223,,591
07/22/2022,July,2022,925.50,1205,,588
07/25/2022,July,2022,911.00,1197,,584.5
07/26/2022,July,2022,917.50,1196,,585.5
07/27/2022,July,2022,906.00,1208.5,,575
07/28/2022,July,2022,916.50,1217,,586
07/29/2022,July,2022,914.50,1205.5,,584
08/01/2022,August,2022,901.50,1194,,584
08/02/2022,August,2022,869.50,1162,,580
08/03/2022,August,2022,864.50,1155,,580.5
08/04/2022,August,2022,844.50,1146,,571
08/05/2022,August,2022,819.00,1132.5,,568
08/08/2022,August,2022,813.00,1115,,561
08/09/2022,August,2022,814.50,1119,,568
08/10/2022,August,2022,807.50,1122.5,,567
08/11/2022,August,2022,822.00,1128.5,,583
08/12/2022,August,2022,829.50,1137,,589
08/15/2022,August,2022,813.50,1141.5,,587
08/16/2022,August,2022,797.00,1137,,574.5
08/17/2022,August,2022,792.00,1134.5,,567
08/18/2022,August,2022,797.00,1141.5,,572
08/19/2022,August,2022,800.00,1142,,571.5
08/22/2022,August,2022,797.50,1151.5,,568
08/23/2022,August,2022,804.00,1174,,570.5
08/24/2022,August,2022,813.50,1204,,577
08/25/2022,August,2022,821.50,1237.5,,576.5
08/26/2022,August,2022,823.50,1252.5,,575.5
08/29/2022,August,2022,823.50,1238,,573
08/30/2022,August,2022,822.00,1234.5,,573
08/31/2022,August,2022,797.00,1214,,546.5
09/01/2022,September,2022,770.50,1173.5,,526.5
09/02/2022,September,2022,761.00,1170,,528.5
09/05/2022,September,2022,773.50,1185,,529.5
09/06/2022,September,2022,777.50,1188,,522
09/07/2022,September,2022,757.50,1168.5,,512
09/08/2022,September,2022,740.50,1164,,492.5
09/09/2022,September,2022,741.50,1164,,490.5
09/12/2022,September,2022,754.50,1164,,502.5
09/13/2022,September,2022,765.50,1164.5,,502
09/14/2022,September,2022,755.00,1139,,498
09/15/2022,September,2022,751.50,1110,,496
09/16/2022,September,2022,740.00,1087,,491.5
09/19/2022,September,2022,736.50,1081,797,486
09/20/2022,September,2022,741.00,1095.5,822,484
09/21/2022,September,2022,744.00,1090.5,823.5,482
09/22/2022,September,2022,739.50,1097,823.5,482
09/23/2022,September,2022,737.50,1094,821.5,481
09/26/2022,September,2022,716.50,1062,,470.5
09/27/2022,September,2022,702.50,1049.5,,469
09/28/2022,September,2022,711.50,1059.5,,464
09/29/2022,September,2022,721.50,1079.5,,470
09/30/2022,September,2022,725.00,1079.5,,460.5
10/03/2022,October,2022,722.00,1079.5,,463
10/04/2022,October,2022,728.50,1105,,477.5
10/05/2022,October,2022,744.50,1139.5,,481
10/06/2022,October,2022,757.50,1153.5,,492
10/07/2022,October,2022,768.50,1192.5,,498
10/10/2022,October,2022,786.50,1228,,514
10/11/2022,October,2022,773.00,1197.5,,497.5
10/12/2022,October,2022,763.00,1199.5,,489.5
10/13/2022,October,2022,761.00,1199,,478
10/14/2022,October,2022,760.50,1201,,481
10/17/2022,October,2022,755.00,1192,,471
10/18/2022,October,2022,753.00,1189.5,,470
10/19/2022,October,2022,747.00,1177.5,,470
10/20/2022,October,2022,751.50,1168.5,,480.5
10/21/2022,October,2022,740.00,1146,,480.5
10/24/2022,October,2022,744.50,1171,,475
10/25/2022,October,2022,742.50,1169.5,,468.5
10/26/2022,October,2022,740.00,1167.5,,471.5
10/27/2022,October,2022,746.00,1174,,474.5
10/28/2022,October,2022,748.50,1179.5,,479
10/31/2022,October,2022,739.50,1169.5,,471.5
11/01/2022,November,2022,735.50,1149.5,,478
11/02/2022,November,2022,733.50,1142.5,,481.5
11/03/2022,November,2022,731.50,1148,,482.5
11/04/2022,November,2022,741.50,1159.5,,484.5
11/07/2022,November,2022,746.50,1162,,495.5
11/08/2022,November,2022,747.00,1157.5,,498
11/09/2022,November,2022,738.00,1138,,489.5
11/10/2022,November,2022,729.00,1127.5,,487.5
11/11/2022,November,2022,738.00,1123.5,,497
11/14/2022,November,2022,738.00,1123,,500
11/15/2022,November,2022,718.00,1103.5,,495
11/16/2022,November,2022,724.50,1115.5,,500
11/17/2022,November,2022,708.00,1103.5,,493.5
11/18/2022,November,2022,692.50,1087,,489
11/21/2022,November,2022,687.50,1067.5,,484
11/22/2022,November,2022,689.00,1067.5,,482.5
11/23/2022,November,2022,693.50,1066,,485
11/24/2022,November,2022,678.00,1058.5,,470.5
11/25/2022,November,2022,686.00,1051.5,,477
11/28/2022,November,2022,670.00,1024.5,,462.5
11/29/2022,November,2022,676.00,1025.5,,459
11/30/2022,November,2022,680.50,1032,,460.5
12/01/2022,December,2022,686.50,1043.5,,453
12/02/2022,December,2022,685.50,1037,,457
12/05/2022,December,2022,684.50,1029,,456.5
12/06/2022,December,2022,669.50,1012.5,,447
12/07/2022,December,2022,648.50,966,,436
12/08/2022,December,2022,635.00,954.5,,436
12/09/2022,December,2022,633.00,973.5,,441.5
12/12/2022,December,2022,631.00,967,,434
12/13/2022,December,2022,636.00,974.5,,446
12/14/2022,December,2022,639.50,991.5,,445
12/15/2022,December,2022,642.50,1002.5,,448.5
12/16/2022,December,2022,640.00,997,,441
12/19/2022,December,2022,635.00,996.5,,442.5
12/20/2022,December,2022,633.00,983.5,,450.5
12/21/2022,December,2022,629.50,988.5,,453.5
12/22/2022,December,2022,634.50,989,,464
12/23/2022,December,2022,639.50,988,,466
12/26/2022,December,2022,640.50,989,,466
12/27/2022,December,2022,651.00,995,,474.5
12/28/2022,December,2022,649.50,1017.5,,460.5
12/29/2022,December,2022,642.00,1013.5,,460
12/30/2022,December,2022,645.50,1021,,459
01/02/2023,January,2023,647.00,1019.5,,458.5
01/03/2023,January,2023,645.00,1018.5,,461.5
01/04/2023,January,2023,631.50,992,,448.5
01/05/2023,January,2023,624.50,988,,439.5
01/06/2023,January,2023,619.50,979,,434.5
01/09/2023,January,2023,624.50,988,,435.5
01/10/2023,January,2023,626.00,982.5,,436
01/11/2023,January,2023,631.00,991,,436.5
01/12/2023,January,2023,647.00,1005.5,,446.5
01/13/2023,January,2023,659.00,1022.5,,447
01/16/2023,January,2023,663.00,1031.5,,452
01/17/2023,January,2023,668.50,1031.5,,456
01/18/2023,January,2023,676.50,1038,,459.5
01/19/2023,January,2023,674.50,1033,,462.5
01/20/2023,January,2023,687.50,1051,,466.5
01/23/2023,January,2023,695.50,1059.5,,472
01/24/2023,January,2023,698.00,1069,,472
01/25/2023,January,2023,699.50,1063,,471.5
01/26/2023,January,2023,700.00,1055,,470
01/27/2023,January,2023,706.50,1060.5,,473
01/30/2023,January,2023,697.50,1049.5,,468.5
01/31/2023,January,2023,690.00,1034,,461
02/01/2023,February,2023,703.50,1026.5,,464.5
02/02/2023,February,2023,688.50,1017,,462
02/03/2023,February,2023,679.00,997,,448
02/06/2023,February,2023,665.50,977,,426
02/07/2023,February,2023,667.50,957.5,,434
02/08/2023,February,2023,674.00,967.5,,449
02/09/2023,February,2023,682.00,966.5,,453
02/10/2023,February,2023,678.50,955,,454.5
02/13/2023,February,2023,681.00,960.5,,458.5
02/14/2023,February,2023,680.50,963.5,,458.5
02/15/2023,February,2023,675.50,957,,455.5
02/16/2023,February,2023,672.00,945,,458
02/17/2023,February,2023,660.00,934.5,,458
02/20/2023,February,2023,654.00,931,,456.5
02/21/2023,February,2023,650.50,932.5,,460
02/22/2023,February,2023,641.50,925.5,,455.5
02/23/2023,February,2023,633.00,913,,450.5
02/24/2023,February,2023,638.00,912.5,,456
02/27/2023,February,2023,641.00,925.5,,451.5
02/28/2023,February,2023,639.00,921.5,,452.5
03/01/2023,March,2023,645.00,932,,463
03/02/2023,March,2023,649.50,937,,469
03/03/2023,March,2023,648.00,935,,468
03/06/2023,March,2023,649.50,941.5,,475
03/07/2023,March,2023,654.00,934,,482
03/08/2023,March,2023,643.00,913,,476
03/09/2023,March,2023,636.50,905,,477.5
03/10/2023,March,2023,632.50,895.5,,467.5
03/13/2023,March,2023,633.50,903.5,,474
03/14/2023,March,2023,623.00,897.5,,470
03/15/2023,March,2023,613.00,887,,463
03/16/2023,March,2023,598.00,870.5,,452.5
03/17/2023,March,2023,603.00,880.5,,465
03/20/2023,March,2023,593.00,875,,456
03/21/2023,March,2023,593.00,869.5,,460.5
03/22/2023,March,2023,599.00,875,,463
03/23/2023,March,2023,603.00,876,,465
03/24/2023,March,2023,600.00,868.5,,463
03/27/2023,March,2023,598.50,869.5,,464.5
03/28/2023,March,2023,610.50,877.5,,477.5
03/29/2023,March,2023,611.00,876.5,,478.5
03/30/2023,March,2023,608.00,865,,476
03/31/2023,March,2023,612.50,865,,485.5
04/03/2023,April,2023,636.50,890.5,,509.5
04/04/2023,April,2023,636.50,897,,513
04/05/2023,April,2023,635.50,891,,516
04/06/2023,April,2023,637.00,892,,516.5
04/07/2023,April,2023,636.00,887,,518.5
04/10/2023,April,2023,636.50,887,,518.5
04/11/2023,April,2023,638.50,882.5,,521.5
04/12/2023,April,2023,642.00,881.5,,527.5
04/13/2023,April,2023,643.00,886.5,,528.5
04/14/2023,April,2023,642.00,881.5,,527.5
04/17/2023,April,2023,640.50,878.5,,527.5
04/18/2023,April,2023,635.50,866.5,,519.5
04/19/2023,April,2023,634.50,863.5,,519
04/20/2023,April,2023,618.00,847,,510.5
04/21/2023,April,2023,613.00,837,,508
04/24/2023,April,2023,611.50,835,,508
04/25/2023,April,2023,617.00,834.5,,510.5
04/26/2023,April,2023,609.00,826.5,,506.5
04/27/2023,April,2023,598.00,810.5,,496.5
04/28/2023,April,2023,600.00,803.5,,494.5
05/01/2023,May,2023,593.50,803.5,,496.5
05/02/2023,May,2023,601.00,795,,496.5
05/03/2023,May,2023,586.00,780,,484
05/04/2023,May,2023,572.00,765.5,,477
05/05/2023,May,2023,574.00,767.5,,476.5
05/08/2023,May,2023,583.00,780.5,,480
05/09/2023,May,2023,586.50,779,,488
05/10/2023,May,2023,587.00,786.5,,486
05/11/2023,May,2023,584.00,786.5,,487.5
05/12/2023,May,2023,582.00,779,,481.5
05/15/2023,May,2023,573.00,777,,479.5
05/16/2023,May,2023,580.50,778,,482.5
05/17/2023,May,2023,583.00,777,,482
05/18/2023,May,2023,595.00,781.5,,492
05/19/2023,May,2023,589.00,781,,489.5
05/22/2023,May,2023,589.50,774.5,,486.5
05/23/2023,May,2023,585.00,772.5,,487
05/24/2023,May,2023,596.00,779,,492
05/25/2023,May,2023,589.00,780,,489.5
05/26/2023,May,2023,585.00,775.5,,485
05/29/2023,May,2023,588.50,776.5,,489
05/30/2023,May,2023,584.50,764.5,,483.5
05/31/2023,May,2023,577.00,756.5,,467.5
06/01/2023,June,2023,574.00,745.5,,470.5
06/02/2023,June,2023,583.50,764,,484.5
06/05/2023,June,2023,594.50,781.5,,494.5
06/06/2023,June,2023,591.50,780,,486.5
06/07/2023,June,2023,595.00,778.5,,486
06/08/2023,June,2023,598.50,786.5,,489.5
06/09/2023,June,2023,593.00,776,,486
06/12/2023,June,2023,586.50,770,,479.5
06/13/2023,June,2023,585.00,764,,480.5
06/14/2023,June,2023,594.50,770,,492
06/15/2023,June,2023,592.50,769.5,,490
06/16/2023,June,2023,601.50,788,,500
06/19/2023,June,2023,611.00,798,,505.5
06/20/2023,June,2023,610.00,790,,506.5
06/21/2023,June,2023,608.00,785,,498.5
06/22/2023,June,2023,613.50,788.5,,498.5
06/23/2023,June,2023,598.50,776,,490
06/26/2023,June,2023,598.50,772,,488
06/27/2023,June,2023,594.00,777,,480
06/28/2023,June,2023,588.50,769.5,,481
06/29/2023,June,2023,594.00,771,,486.5
06/30/2023,June,2023,596.00,773,,491
07/03/2023,July,2023,598.50,776,,500
07/04/2023,July,2023,592.00,775.5,,496
07/05/2023,July,2023,593.00,778.5,,500
07/06/2023,July,2023,592.00,788.5,,501
07/07/2023,July,2023,591.50,785,,502.5
07/10/2023,July,2023,597.50,795.5,,510
07/11/2023,July,2023,594.00,800.5,,513
07/12/2023,July,2023,600.00,804.5,,515
07/13/2023,July,2023,601.00,814,,518.5
07/14/2023,July,2023,602.50,814,,520.5
07/17/2023,July,2023,596.50,812.5,,518.5
07/18/2023,July,2023,592.50,809.5,,515.5
07/19/2023,July,2023,595.50,814.5,,522.5
07/20/2023,July,2023,595.00,819.5,,525
07/21/2023,July,2023,598.50,822,,528.5
07/24/2023,July,2023,607.50,839.5,,535
07/25/2023,July,2023,614.50,849.5,,535.5
07/26/2023,July,2023,617.50,858.5,,538.5
07/27/2023,July,2023,622.50,869,,544.5
07/28/2023,July,2023,629.00,883,,551.5
07/31/2023,July,2023,633.50,896,,562
08/01/2023,August,2023,640.50,910.5,,562.5
08/02/2023,August,2023,647.50,921,,574.5
08/03/2023,August,2023,647.00,922,,571.5
08/04/2023,August,2023,654.50,928,,578
08/07/2023,August,2023,657.50,929,,579.5
08/08/2023,August,2023,652.00,928.5,,576.5
08/09/2023,August,2023,657.00,937,,584.5
08/10/2023,August,2023,667.50,955.5,,592
08/11/2023,August,2023,662.50,949.5,,591.5
08/14/2023,August,2023,662.50,944.5,,589.5
08/15/2023,August,2023,661.50,941.5,,585.5
08/16/2023,August,2023,656.50,947.5,,585.5
08/17/2023,August,2023,653.00,949,,582.5
08/18/2023,August,2023,654.50,953,,583
08/21/2023,August,2023,657.50,958.5,,588.5
08/22/2023,August,2023,649.00,950,,585
08/23/2023,August,2023,645.50,956,,579.5
08/24/2023,August,2023,645.50,958.5,,571.5
08/25/2023,August,2023,651.00,964,,571
08/28/2023,August,2023,654.50,974,,574
08/29/2023,August,2023,657.00,973,,573
08/30/2023,August,2023,654.00,974.5,,570
08/31/2023,August,2023,654.50,969,,573
09/01/2023,September,2023,662.00,971.5,,577
09/04/2023,September,2023,664.00,970,,578
09/05/2023,September,2023,661.00,978,,578
09/06/2023,September,2023,662.00,980.5,,586
09/07/2023,September,2023,668.50,980.5,,590
09/08/2023,September,2023,667.00,985,,592.5
09/11/2023,September,2023,668.50,1000,,591
09/12/2023,September,2023,671.00,1005,,589.5
09/13/2023,September,2023,675.00,1007,,597
09/14/2023,September,2023,681.00,1018,,600
09/15/2023,September,2023,687.00,1024,,603.5
09/18/2023,September,2023,685.00,1021.5,,601
09/19/2023,September,2023,682.00,1013.5,,592
09/20/2023,September,2023,681.50,1012.5,,591
09/21/2023,September,2023,677.50,1012.5,,589
09/22/2023,September,2023,677.50,1016.5,,590.5
09/25/2023,September,2023,674.50,1010,,590
09/26/2023,September,2023,672.50,997,,585.5
09/27/2023,September,2023,682.50,1002.5,,595
09/28/2023,September,2023,689.00,1010,,601.5
09/29/2023,September,2023,684.50,1012.5,,592.5
10/02/2023,October,2023,683.00,1009,,583.5
10/03/2023,October,2023,679.00,998.5,,571
10/04/2023,October,2023,672.00,981,,564
10/05/2023,October,2023,649.50,968,,547
10/06/2023,October,2023,647.50,923,,540.5
10/09/2023,October,2023,654.00,930.5,,544
10/10/2023,October,2023,664.50,949.5,,551
10/11/2023,October,2023,662.50,950.5,,544
10/12/2023,October,2023,667.00,954,,539.5
10/13/2023,October,2023,672.00,960,,544.5
10/16/2023,October,2023,680.00,967,,552
10/17/2023,October,2023,678.00,970,,552.5
10/18/2023,October,2023,683.00,970,,560.5
10/19/2023,October,2023,686.00,958.5,,562
10/20/2023,October,2023,688.00,964.5,,560.5
10/23/2023,October,2023,686.00,962,,556
10/24/2023,October,2023,675.00,952,,551.5
10/25/2023,October,2023,669.50,946,,545
10/26/2023,October,2023,671.00,944,,543
10/27/2023,October,2023,671.00,946,,542
10/30/2023,October,2023,673.00,940,,535.5
10/31/2023,October,2023,674.50,934,,534
11/01/2023,November,2023,680.50,936,,538
11/02/2023,November,2023,678.00,938,,538.5
11/03/2023,November,2023,678.50,945,,541.5
11/06/2023,November,2023,677.50,933.5,,537
11/07/2023,November,2023,673.00,921.5,,527.5
11/08/2023,November,2023,664.50,906.5,,517
11/09/2023,November,2023,660.50,892,,512
11/10/2023,November,2023,661.00,883.5,,515.5
11/13/2023,November,2023,666.50,883,,513.5
11/14/2023,November,2023,674.50,894.5,,519.5
11/15/2023,November,2023,672.50,898.5,,522
11/16/2023,November,2023,666.00,900,,520.5
11/17/2023,November,2023,658.50,881.5,,517
11/20/2023,November,2023,668.00,884.5,,519.5
11/21/2023,November,2023,674.50,886.5,,523
11/22/2023,November,2023,673.50,892,,526.5
11/23/2023,November,2023,670.00,892,,524
11/24/2023,November,2023,665.00,889.5,,522.5
11/27/2023,November,2023,655.50,881.5,,518.5
11/28/2023,November,2023,653.50,881.5,,521
11/29/2023,November,2023,654.00,885,,523.5
11/30/2023,November,2023,660.50,885,,528
12/01/2023,December,2023,660.00,880.5,,522
12/04/2023,December,2023,648.50,872.5,,517
12/05/2023,December,2023,644.00,859.5,,516
12/06/2023,December,2023,639.50,859,,512
12/07/2023,December,2023,624.00,851,,501
12/08/2023,December,2023,621.50,848.5,,499.5
12/11/2023,December,2023,620.50,841,,502
12/12/2023,December,2023,617.00,834.5,,501
12/13/2023,December,2023,609.00,833,,495.5
12/14/2023,December,2023,611.00,836,,498.5
12/15/2023,December,2023,618.50,849,,502.5
12/18/2023,December,2023,623.00,854.5,,502
12/19/2023,December,2023,629.00,840.5,,507
12/20/2023,December,2023,634.00,852,,512
12/21/2023,December,2023,637.50,858,,509
12/22/2023,December,2023,639.00,862,,510.5
12/25/2023,December,2023,639.00,862,,510.5
12/26/2023,December,2023,637.50,861,,509.5
12/27/2023,December,2023,643.50,861,,513.5
12/28/2023,December,2023,642.00,851,,510.5
12/29/2023,December,2023,637.00,854,,508
01/01/2024,January,2024,637.00,854,,508
01/02/2024,January,2024,636.00,852,,505.5
01/03/2024,January,2024,633.50,840,,504
01/04/2024,January,2024,633.50,841.5,,506
01/05/2024,January,2024,635.00,841,,505
01/08/2024,January,2024,631.50,843,,504
01/09/2024,January,2024,625.50,841,,496.5
01/10/2024,January,2024,627.00,848.5,,503
01/11/2024,January,2024,622.50,848,,497.5
01/12/2024,January,2024,627.00,851,,501.5
01/15/2024,January,2024,626.00,850.5,,497
01/16/2024,January,2024,624.50,846,,495
01/17/2024,January,2024,623.50,849,,494
01/18/2024,January,2024,623.00,847.5,,490.5
01/19/2024,January,2024,630.00,850,,492
01/22/2024,January,2024,634.50,852,,491.5
01/23/2024,January,2024,635.50,855,,492
01/24/2024,January,2024,641.00,856,,492.5
01/25/2024,January,2024,647.00,860.5,,497
01/26/2024,January,2024,654.00,866,,504
01/29/2024,January,2024,663.50,880.5,,509
01/30/2024,January,2024,665.00,883.5,,510
01/31/2024,January,2024,666.00,886,,507.5
02/01/2024,February,2024,660.50,881.5,,499.5
02/02/2024,February,2024,655.00,876,,497
02/05/2024,February,2024,647.50,866.5,,493
02/06/2024,February,2024,645.00,869,,494.5
02/07/2024,February,2024,648.00,873.5,,496.5
02/08/2024,February,2024,650.50,880,,499
02/09/2024,February,2024,657.00,889,,503
02/12/2024,February,2024,658.00,892.5,,505
02/13/2024,February,2024,660.00,899.5,,506
02/14/2024,February,2024,660.50,896,,507.5
02/15/2024,February,2024,661.00,887,,507
02/16/2024,February,2024,665.00,896.5,,508
02/19/2024,February,2024,666.00,893.5,,509
02/20/2024,February,2024,665.50,893.5,,508.5
02/21/2024,February,2024,660.50,886.5,,509
02/22/2024,February,2024,661.50,882,,511.5
02/23/2024,February,2024,663.00,880,,510.5
02/26/2024,February,2024,656.50,875.5,,504.5
02/27/2024,February,2024,657.50,878,,503.5
02/28/2024,February,2024,662.00,878.5,,506
02/29/2024,February,2024,662.00,872,,506
03/01/2024,March,2024,662.00,875.5,,508.5
03/04/2024,March,2024,666.50,883.5,,513.5
03/05/2024,March,2024,666.00,878,,510.5
03/06/2024,March,2024,663.50,875.5,,511
03/07/2024,March,2024,663.50,874.5,,512.5
03/08/2024,March,2024,661.00,874,,513.5
03/11/2024,March,2024,658.00,878,,511
03/12/2024,March,2024,656.50,875.5,,511.5
03/13/2024,March,2024,657.50,874.5,,512
03/14/2024,March,2024,664.50,875.5,,518.5
03/15/2024,March,2024,666.00,881.5,,519
03/18/2024,March,2024,669.50,886.5,,528.5
03/19/2024,March,2024,672.00,901,,527.5
03/20/2024,March,2024,671.00,902,,530.5
03/21/2024,March,2024,668.00,895,,527.5
03/22/2024,March,2024,665.00,892.5,,526
03/25/2024,March,2024,665.00,892,,527.5
03/26/2024,March,2024,666.00,885.5,,529.5
03/27/2024,March,2024,664.50,883.5,,527.5
03/28/2024,March,2024,663.50,877.5,,526.5
03/29/2024,March,2024,668.50,878.5,,533.5
04/01/2024,April,2024,666.00,879.5,,530
04/02/2024,April,2024,669.50,889.5,,534.5
04/03/2024,April,2024,673.50,894,,539.5
04/04/2024,April,2024,674.00,893.5,,541.5
04/05/2024,April,2024,674.50,901,,543
04/08/2024,April,2024,677.00,904,,546
04/09/2024,April,2024,673.00,899,,544
04/10/2024,April,2024,672.00,898.5,,544.5
04/11/2024,April,2024,671.50,901.5,,543
04/12/2024,April,2024,672.00,896,,543.5
04/15/2024,April,2024,672.50,896.5,,544.5
04/16/2024,April,2024,672.50,892,,546
04/17/2024,April,2024,672.00,885,,547
04/18/2024,April,2024,665.50,870.5,,543.5
04/19/2024,April,2024,665.00,864,,543
04/22/2024,April,2024,661.50,859,,540.5
04/23/2024,April,2024,662.50,858.5,,542.5
04/24/2024,April,2024,664.00,856.5,,543.5
04/25/2024,April,2024,662.00,855,,549
04/26/2024,April,2024,664.00,855,,548
04/29/2024,April,2024,666.00,856,,551
04/30/2024,April,2024,662.00,851,,551
05/01/2024,May,2024,658.50,848.5,,550
05/02/2024,May,2024,645.00,832,,541.5
05/03/2024,May,2024,645.50,827,,538
05/06/2024,May,2024,646.00,825.5,,534
05/07/2024,May,2024,644.00,825.5,,537.5
05/08/2024,May,2024,639.00,821.5,,533.5
05/09/2024,May,2024,642.50,824.5,,536
05/10/2024,May,2024,645.50,830.5,,538.5
05/13/2024,May,2024,640.00,821.5,,533.5
05/14/2024,May,2024,639.50,820,,531.5
05/15/2024,May,2024,636.00,815.5,,530
05/16/2024,May,2024,637.00,816,,531
05/17/2024,May,2024,637.00,819,,531.5
05/20/2024,May,2024,638.00,826.5,,536
05/21/2024,May,2024,635.00,821.5,,536
05/22/2024,May,2024,629.00,815,,533
05/23/2024,May,2024,625.00,811.5,,529.5
05/24/2024,May,2024,620.50,807.5,,529.5
05/27/2024,May,2024,621.50,808,,531
05/28/2024,May,2024,622.00,811,,537.5
05/29/2024,May,2024,628.50,812.5,,542.5
05/30/2024,May,2024,627.00,811.5,,542.5
05/31/2024,May,2024,619.50,802,,537
06/03/2024,June,2024,615.50,795,,535
06/04/2024,June,2024,606.50,788.5,,528
06/05/2024,June,2024,597.50,782.5,,521.5
06/06/2024,June,2024,599.00,775.5,,520
06/07/2024,June,2024,606.50,786.5,,525
06/10/2024,June,2024,606.50,792.5,,523.5
06/11/2024,June,2024,611.50,789,,531
06/12/2024,June,2024,615.50,794.5,,532.5
06/13/2024,June,2024,616.50,801,,533
06/14/2024,June,2024,616.50,803,,531
06/17/2024,June,2024,618.00,802,,532.5
06/18/2024,June,2024,624.00,802.5,,536
06/19/2024,June,2024,626.50,809,,541
06/20/2024,June,2024,627.00,814.5,,542
06/21/2024,June,2024,628.50,817.5,,543.5
06/24/2024,June,2024,627.50,844,,540.5
06/25/2024,June,2024,633.50,844,,541.5
06/26/2024,June,2024,635.50,843,,540.5
06/27/2024,June,2024,637.50,844.5,,540.5
06/28/2024,June,2024,638.00,849,,543
07/01/2024,July,2024,636.00,845,,541
07/02/2024,July,2024,644.50,853,,551.5
07/03/2024,July,2024,651.00,858,,554
07/04/2024,July,2024,648.00,853.5,,551
07/05/2024,July,2024,648.50,855.5,,557.5
07/08/2024,July,2024,646.00,850.5,,551.5
07/09/2024,July,2024,643.50,844.5,,549.5
07/10/2024,July,2024,643.50,838.5,,548
07/11/2024,July,2024,640.50,839,,547.5
07/12/2024,July,2024,635.00,828.5,,549.5
07/15/2024,July,2024,639.00,828,,547.5
07/16/2024,July,2024,638.50,832,,545
07/17/2024,July,2024,635.50,825,,543
07/18/2024,July,2024,637.00,827.5,,543.5
07/19/2024,July,2024,637.00,827.5,,543.5
07/22/2024,July,2024,630.00,818,,535
07/23/2024,July,2024,626.00,816,,533
07/24/2024,July,2024,623.00,815.5,,526
07/25/2024,July,2024,622.00,814.5,,524.5
07/26/2024,July,2024,624.50,817.5,,525
07/29/2024,July,2024,621.50,811.5,,522
07/30/2024,July,2024,616.00,798.5,,523
07/31/2024,July,2024,617.00,800,,525
08/01/2024,August,2024,625.00,808.5,,532
08/02/2024,August,2024,621.00,802.5,,528.5
08/05/2024,August,2024,608.00,788,,515
08/06/2024,August,2024,604.00,780.5,,504
08/07/2024,August,2024,604.50,780.5,,507.5
08/08/2024,August,2024,609.00,783,,512
08/09/2024,August,2024,610.50,786.5,,512
08/12/2024,August,2024,618.00,787.5,,517.5
08/13/2024,August,2024,624.50,793.5,,520.5
08/14/2024,August,2024,622.50,794,,518.5
08/15/2024,August,2024,620.00,793,,514.5
08/16/2024,August,2024,619.50,790,,516.5
08/19/2024,August,2024,615.50,784,,512
08/20/2024,August,2024,609.50,774,,506
08/21/2024,August,2024,610.00,770,,504.5
08/22/2024,August,2024,609.50,768.5,,501
08/23/2024,August,2024,615.50,769.5,,505
08/26/2024,August,2024,623.50,777,,505.5
08/27/2024,August,2024,631.50,783.5,,506.5
08/28/2024,August,2024,630.50,776.5,,500.5
08/29/2024,August,2024,626.00,772,,498
08/30/2024,August,2024,629.00,773.5,,500
09/02/2024,September,2024,624.00,768.5,,491.5
09/03/2024,September,2024,624.00,768,,497
09/04/2024,September,2024,616.00,754.5,,488.5
09/05/2024,September,2024,616.00,747.5,,485
09/06/2024,September,2024,612.50,746.5,,482.5
09/09/2024,September,2024,604.00,739,,479
09/10/2024,September,2024,596.00,734.5,,474.5
09/11/2024,September,2024,587.50,729.5,,474.5
09/12/2024,September,2024,589.50,730.5,,479.5
09/13/2024,September,2024,591.50,733.5,,483
09/16/2024,September,2024,591.00,730.5,,481.5
09/17/2024,September,2024,590.50,728.5,,483
09/18/2024,September,2024,588.50,730,,483
09/19/2024,September,2024,589.50,733,,486
09/20/2024,September,2024,598.50,739.5,,488.5
09/23/2024,September,2024,603.00,738.5,,480.5
09/24/2024,September,2024,609.00,740,,483
09/25/2024,September,2024,606.50,736.5,,483.5
09/26/2024,September,2024,597.50,728.5,,469
09/27/2024,September,2024,591.00,726,,480.5
09/30/2024,September,2024,592.00,730,,482.5
10/01/2024,October,2024,588.50,728,,480.5
10/02/2024,October,2024,603.50,741.5,,498.5
10/03/2024,October,2024,603.00,742,,501.5
10/04/2024,October,2024,615.00,757,,515
10/07/2024,October,2024,616.00,763.5,,515.5
10/08/2024,October,2024,622.00,767.5,,521
10/09/2024,October,2024,612.50,761.5,,515
10/10/2024,October,2024,616.50,763,,514.5
10/11/2024,October,2024,624.00,766,,519
10/14/2024,October,2024,622.50,765.5,,517.5
10/15/2024,October,2024,608.50,752.5,,501.5
10/16/2024,October,2024,605.50,743.5,,502.5
10/17/2024,October,2024,605.00,744,,500.5
10/18/2024,October,2024,602.50,742,,500
10/21/2024,October,2024,602.00,744.5,,509
10/22/2024,October,2024,603.50,745,,527
10/23/2024,October,2024,608.50,749,,535.5
10/24/2024,October,2024,609.00,751,,522
10/25/2024,October,2024,606.50,750,,520
10/28/2024,October,2024,591.00,739.5,,509.5
10/29/2024,October,2024,584.50,734.5,,509.5
10/30/2024,October,2024,589.50,738,,512
10/31/2024,October,2024,591.00,746.5,,513.5
11/01/2024,November,2024,595.50,755.5,,515
11/04/2024,November,2024,596.00,757,,505.5
11/05/2024,November,2024,598.00,758.5,,505.5
11/06/2024,November,2024,599.00,755.5,,501
11/07/2024,November,2024,599.50,757.5,,500
11/08/2024,November,2024,599.50,756,,498
11/11/2024,November,2024,593.50,750.5,,494
11/12/2024,November,2024,588.00,748.5,,488
11/13/2024,November,2024,585.00,749.5,,487.5
11/14/2024,November,2024,584.00,751.5,,488
11/15/2024,November,2024,582.50,753,,486.5
11/18/2024,November,2024,582.50,753,,482
11/19/2024,November,2024,586.00,759,,484
11/20/2024,November,2024,586.00,759,,488
11/21/2024,November,2024,586.00,761,,487.5
11/22/2024,November,2024,589.00,764.5,,492
11/25/2024,November,2024,587.50,765,,490
11/26/2024,November,2024,583.50,762.5,,488
11/27/2024,November,2024,580.00,761,,488
11/28/2024,November,2024,578.00,758.5,,489
11/29/2024,November,2024,579.50,758.5,,491
12/02/2024,December,2024,578.50,758.5,,492
12/03/2024,December,2024,577.50,759,,496.5
12/04/2024,December,2024,581.00,760,,498
12/05/2024,December,2024,578.50,755,,491
12/06/2024,December,2024,573.00,751,,488.5
12/09/2024,December,2024,572.50,748.5,,488
12/10/2024,December,2024,570.00,746.5,,494.5
12/11/2024,December,2024,571.00,746.5,,495.5
12/12/2024,December,2024,574.50,750.5,,498
12/13/2024,December,2024,575.50,756.5,,499.5
12/16/2024,December,2024,577.50,757,,501.5
12/17/2024,December,2024,577.00,759.5,,507
12/18/2024,December,2024,575.50,760,,509
12/19/2024,December,2024,574.50,760.5,,508
12/20/2024,December,2024,572.00,758,,507.5
12/23/2024,December,2024,573.50,756,,508.5
12/24/2024,December,2024,574.00,748,,501.5
12/25/2024,December,2024,574.00,748,,501.5
12/26/2024,December,2024,577.50,749.5,,506
12/27/2024,December,2024,577.00,751.5,,504
12/30/2024,December,2024,578.50,760,,500
12/31/2024,December,2024,582.00,766.5,,505.5
01/01/2025,January,2025,582.00,766.5,,506
01/02/2025,January,2025,582.50,767.5,,504
01/03/2025,January,2025,587.00,770.5,,502.5
01/06/2025,January,2025,587.50,776,,501
01/07/2025,January,2025,587.00,768.5,,499
01/08/2025,January,2025,592.50,773,,500.5
01/09/2025,January,2025,591.50,775,,499
01/10/2025,January,2025,596.50,774,,505.5
01/13/2025,January,2025,608.50,798.5,,521
01/14/2025,January,2025,610.50,801,,519
01/15/2025,January,2025,608.50,801.5,,518
01/16/2025,January,2025,616.50,812,,525
01/17/2025,January,2025,620.50,817,,533
01/20/2025,January,2025,619.00,816.5,,517.5
01/21/2025,January,2025,615.50,810,,517
01/22/2025,January,2025,613.00,804,,516
01/23/2025,January,2025,614.50,793.5,,514
01/24/2025,January,2025,613.50,796,,515
01/27/2025,January,2025,612.50,797.5,,512.5
01/28/2025,January,2025,613.00,787.5,,511.5
01/29/2025,January,2025,611.00,780.5,,509.5
01/30/2025,January,2025,610.00,779.5,,509.5
01/31/2025,January,2025,609.50,787.5,,510.5
02/03/2025,February,2025,609.50,783.5,,511
02/04/2025,February,2025,605.50,779,,506
02/05/2025,February,2025,605.50,783,,509.5
02/06/2025,February,2025,599.50,778.5,,508
02/07/2025,February,2025,597.00,779.5,,512
02/10/2025,February,2025,599.00,785,,518
02/11/2025,February,2025,603.00,792.5,,522.5
02/12/2025,February,2025,602.00,792.5,,520.5
02/13/2025,February,2025,593.50,786,,515
02/14/2025,February,2025,595.50,785,,514
02/17/2025,February,2025,596.50,785.5,,513
02/18/2025,February,2025,594.50,788.5,,514
02/19/2025,February,2025,596.50,778.5,,518.5
02/20/2025,February,2025,598.00,787,,519
02/21/2025,February,2025,596.00,791.5,,517
02/24/2025,February,2025,591.00,785,,513
02/25/2025,February,2025,587.50,781,,511.5
02/26/2025,February,2025,582.00,775.5,,507
02/27/2025,February,2025,576.00,773.5,,506.5
02/28/2025,February,2025,576.50,772.5,,506
03/03/2025,March,2025,573.50,771.5,,508
03/04/2025,March,2025,565.00,760.5,,496.5
03/05/2025,March,2025,559.00,757.5,,493
03/06/2025,March,2025,555.50,752.5,,492
03/07/2025,March,2025,552.00,745.5,,493.5
03/10/2025,March,2025,552.00,749,,496.5
03/11/2025,March,2025,550.50,745.5,,493
03/12/2025,March,2025,552.00,737.5,,493.5
03/13/2025,March,2025,553.00,744,,493
03/14/2025,March,2025,551.50,740.5,,492
03/17/2025,March,2025,551.50,743.5,,492
03/18/2025,March,2025,553.00,746,,494.5
03/19/2025,March,2025,549.00,742,,489
03/20/2025,March,2025,549.00,743.5,,485.5
03/21/2025,March,2025,551.50,747,,489
03/24/2025,March,2025,552.50,751,,490.5
03/25/2025,March,2025,555.50,754.5,,492.5
03/26/2025,March,2025,556.50,754.5,,493
03/27/2025,March,2025,558.00,758,,492.5
03/28/2025,March,2025,560.00,760,,498
03/31/2025,March,2025,560.50,759,,498
04/01/2025,April,2025,565.00,765.5,,501.5
04/02/2025,April,2025,567.00,764,,501.5
04/03/2025,April,2025,562.00,756,,495
04/04/2025,April,2025,548.50,735,,482
04/07/2025,April,2025,530.00,711.5,,461.5
04/08/2025,April,2025,524.00,707.5,,461.5
04/09/2025,April,2025,515.00,696.5,,451.5
04/10/2025,April,2025,518.00,698,,454
04/11/2025,April,2025,521.00,700,,451.5
04/14/2025,April,2025,523.00,704,,457.5
04/15/2025,April,2025,524.00,706.5,,458.5
04/16/2025,April,2025,521.00,707.5,,456.5
04/17/2025,April,2025,523.50,714,,460.5
04/18/2025,April,2025,529.50,717,,464
04/21/2025,April,2025,526.00,720,,463
04/22/2025,April,2025,526.50,722.5,,461
04/23/2025,April,2025,529.00,724,,465
04/24/2025,April,2025,526.00,712.5,,461.5
04/25/2025,April,2025,526.50,712,,461
04/28/2025,April,2025,529.00,714.5,,461
04/29/2025,April,2025,524.50,710.5,,456
04/30/2025,April,2025,521.00,705.5,,454
05/01/2025,May,2025,516.00,700,,449.5
05/02/2025,May,2025,517.50,697,,446.5
05/05/2025,May,2025,513.50,694.5,,440
05/06/2025,May,2025,515.00,692.5,,445.5
05/07/2025,May,2025,518.50,695.5,,449.5
05/08/2025,May,2025,519.50,694,,448.5
05/09/2025,May,2025,526.00,700.5,,455.5
05/12/2025,May,2025,531.00,707,,461.5
05/13/2025,May,2025,532.00,708,,465
05/14/2025,May,2025,540.00,718.5,,473
05/15/2025,May,2025,540.00,723,,469
05/16/2025,May,2025,539.00,720,,469
05/19/2025,May,2025,537.00,712,,469
